[
  {
    "completions": [
      {
        "created_at": 1614967821,
        "id": 1001,
        "lead_time": 16.771,
        "result": [
          {
            "from_name": "label",
            "id": "B-e2fKpdDD",
            "image_rotation": 0,
            "original_height": 800,
            "original_width": 1500,
            "to_name": "image",
            "type": "polygonlabels",
            "value": {
              "points": [
                [
                  26.395939086294415,
                  36.507936507936506
                ],
                [
                  38.07106598984772,
                  35.23809523809524
                ],
                [
                  40.27072758037225,
                  46.666666666666664
                ],
                [
                  41.11675126903553,
                  64.44444444444444
                ],
                [
                  23.3502538071066,
                  78.0952380952381
                ],
                [
                  12.859560067681896,
                  78.41269841269842
                ],
                [
                  17.597292724196276,
                  54.6031746031746
                ],
                [
                  22.84263959390863,
                  43.492063492063494
                ]
              ],
              "polygonlabels": [
                "Airplane"
              ]
            }
          }
        ]
      }
    ],
    "data": {
      "image": "/data/upload/aee19c-maldivas-bangalos-1500-840269698.jpg"
    },
    "id": 1
  }
]